,Gene,Col,Kas
FRI,FRI,0.6845041,0.9508607
FLM,FLM,0,0
MAF2,MAF2,0.780924,0
GA5,GA5,1,0.7642351
GA5_bolt,GA5,1,0.5546582